,(∆l/lo)XT, εH
6.3 g/cm3,-0.00031,-0.000125
6.5 g/cm3,-0.00086,-0.00011
6.7 g/cm3,-0.00127,-0.000309
